<?xml version="1.0" encoding="UTF-8" standalone="yes"?>
<addon id="repository.PEDROFLIX" name="PEDROFLIX" version="1.0" provider-name="pedroflixhd">
    <extension point="xbmc.addon.repository" name="Nome Repository">
        <dir>
            <info compressed="false">https://raw.githubusercontent.com/pedroflixhd/MATRIX/master/zips/addons.xml</info>
            <checksum>https://raw.githubusercontent.com/pedroflixhd/MATRIX/master/zips/addons.xml.md5</checksum>
            <datadir zip="true">https://raw.githubusercontent.com/pedroflixhd/MATRIX/master/zips/</datadir>
        </dir>
    </extension>
    <extension point="xbmc.addon.metadata">
        <summary>PEDROFLIX</summary>
        <description>O melhor conteudo na melhor qualidade</description>
        <disclaimer></disclaimer>
        <platform>all</platform>
        <assets>
            <icon>icon.png</icon>
            <fanart>fanart.jpg</fanart>
        </assets>
    </extension>
</addon>